{"cameraMode":{"drawMode":0,"name":"Shaded","section":"Shading Mode"},"sceneLighting":false,"audioPlay":false,"sceneViewState":{"showFog":true,"showMaterialUpdate":false,"showSkybox":true,"showFlares":true,"showImageEffects":true,"showParticleSystems":true},"in2DMode":false,"pivot":{"x":-2.3222670555114748,"y":3.6554489135742189,"z":-7.667985916137695},"rotation":{"x":0.4004904329776764,"y":0.14069710671901704,"z":-0.0623297244310379,"w":0.9033094048500061},"size":10.064476013183594,"orthographic":false}