{"cameraMode":{"drawMode":0,"name":"Shaded","section":"Shading Mode"},"sceneLighting":false,"audioPlay":false,"sceneViewState":{"showFog":true,"showMaterialUpdate":false,"showSkybox":true,"showFlares":true,"showImageEffects":true,"showParticleSystems":true},"in2DMode":false,"pivot":{"x":1.7364730834960938,"y":-3.1710948944091799,"z":1.3072946071624756},"rotation":{"x":0.2521674633026123,"y":-0.7123764157295227,"z":0.31203901767730715,"w":0.5758518576622009},"size":9.704752922058106,"orthographic":false}