{"cameraMode":{"drawMode":0,"name":"Shaded","section":"Shading Mode"},"sceneLighting":false,"audioPlay":false,"sceneViewState":{"showFog":true,"showMaterialUpdate":false,"showSkybox":true,"showFlares":true,"showImageEffects":true,"showParticleSystems":true},"in2DMode":false,"pivot":{"x":-2.3827898502349855,"y":-1.3886528015136719,"z":-2.006448745727539},"rotation":{"x":0.4004904329776764,"y":0.14069710671901704,"z":-0.0623297244310379,"w":0.9033094048500061},"size":11.80549430847168,"orthographic":false}