{"cameraMode":{"drawMode":0,"name":"Shaded","section":"Shading Mode"},"sceneLighting":false,"audioPlay":false,"sceneViewState":{"showFog":true,"showMaterialUpdate":false,"showSkybox":true,"showFlares":true,"showImageEffects":true,"showParticleSystems":true},"in2DMode":false,"pivot":{"x":7.202645301818848,"y":-1.5633068084716797,"z":4.711783409118652},"rotation":{"x":0.2436007708311081,"y":-0.04216848313808441,"z":0.010647358372807503,"w":0.9689245223999023},"size":10.291940689086914,"orthographic":false}